id,guid,request,request_body,timestamp,response,latency_ms,volume,psp,bank,country,status,error,event_type,source_file,source_format,validation_flags,is_valid,confidence,severity
tx-0001,,POST /withdrawals/process,"{""psp"": ""Checkout"", ""bank"": ""Barclays"", ""country"": ""FR"", ""status"": ""SUCCESS"", ""amount"": 187.11, ""latency_ms"": 688.58}",2026-04-16T05:06:02,,688.58,187.11,Checkout,Barclays,FR,SUCCESS,,request,azure_withdrawal_logs.txt,azure_withdrawal_csv,,True,1.0,INFO
tx-0002,,POST /withdrawals/process,"{""psp"": ""Worldline"", ""bank"": ""Santander"", ""country"": ""ES"", ""status"": ""SUCCESS"", ""amount"": 445.64, ""latency_ms"": 449.07}",2026-04-16T05:06:04,,449.07,445.64,Worldline,Santander,ES,SUCCESS,,request,azure_withdrawal_logs.txt,azure_withdrawal_csv,,True,1.0,INFO
tx-0003,,POST /withdrawals/process,"{""psp"": ""Worldline"", ""bank"": ""DeutscheBank"", ""country"": ""FR"", ""status"": ""SUCCESS"", ""amount"": 12.13, ""latency_ms"": 432.11}",2026-04-16T05:06:06,,432.11,12.13,Worldline,DeutscheBank,FR,SUCCESS,,request,azure_withdrawal_logs.txt,azure_withdrawal_csv,,True,1.0,INFO
tx-0004,,POST /withdrawals/process,"{""psp"": ""Worldline"", ""bank"": ""DeutscheBank"", ""country"": ""DE"", ""status"": ""SUCCESS"", ""amount"": 32.79, ""latency_ms"": 284.27}",2026-04-16T05:06:08,,284.27,32.79,Worldline,DeutscheBank,DE,SUCCESS,,request,azure_withdrawal_logs.txt,azure_withdrawal_csv,,True,1.0,INFO
tx-0005,,POST /withdrawals/process,"{""psp"": ""Checkout"", ""bank"": ""BNPParibas"", ""country"": ""IT"", ""status"": ""FAILED"", ""amount"": 429.93, ""latency_ms"": 486.38, ""error"": ""TIMEOUT""}",2026-04-16T05:06:10,,486.38,429.93,Checkout,BNPParibas,IT,FAILED,TIMEOUT,request,azure_withdrawal_logs.txt,azure_withdrawal_csv,,True,1.0,HIGH
tx-0006,,POST /withdrawals/process,"{""psp"": ""Stripe"", ""bank"": ""DeutscheBank"", ""country"": ""UK"", ""status"": ""SUCCESS"", ""amount"": 453.17, ""latency_ms"": 731.59}",2026-04-16T05:06:12,,731.59,453.17,Stripe,DeutscheBank,UK,SUCCESS,,request,azure_withdrawal_logs.txt,azure_withdrawal_csv,,True,1.0,INFO
tx-0007,,POST /withdrawals/process,"{""psp"": ""Worldline"", ""bank"": ""DeutscheBank"", ""country"": ""DE"", ""status"": ""SUCCESS"", ""amount"": 165.5, ""latency_ms"": 747.18}",2026-04-16T05:06:14,,747.18,165.5,Worldline,DeutscheBank,DE,SUCCESS,,request,azure_withdrawal_logs.txt,azure_withdrawal_csv,,True,1.0,INFO
tx-0008,,POST /withdrawals/process,"{""psp"": ""Worldline"", ""bank"": ""DeutscheBank"", ""country"": ""DE"", ""status"": ""SUCCESS"", ""amount"": 191.11, ""latency_ms"": 797.82}",2026-04-16T05:06:16,,797.82,191.11,Worldline,DeutscheBank,DE,SUCCESS,,request,azure_withdrawal_logs.txt,azure_withdrawal_csv,,True,1.0,INFO
tx-0009,,POST /withdrawals/process,"{""psp"": ""PayPal"", ""bank"": ""BNPParibas"", ""country"": ""UK"", ""status"": ""FAILED"", ""amount"": 328.96, ""latency_ms"": 480.5, ""error"": ""DECLINED""}",2026-04-16T05:06:18,,480.5,328.96,PayPal,BNPParibas,UK,DECLINED,DECLINED,request,azure_withdrawal_logs.txt,azure_withdrawal_csv,,True,1.0,MEDIUM
tx-0010,,POST /withdrawals/process,"{""psp"": ""Adyen"", ""bank"": ""Santander"", ""country"": ""DE"", ""status"": ""FAILED"", ""amount"": 335.88, ""latency_ms"": 613.33, ""error"": ""NETWORK_ERROR""}",2026-04-16T05:06:20,,613.33,335.88,Adyen,Santander,DE,FAILED,NETWORK_ERROR,request,azure_withdrawal_logs.txt,azure_withdrawal_csv,,True,1.0,CRITICAL
tx-0011,,POST /withdrawals/process,"{""psp"": ""PayPal"", ""bank"": ""BNPParibas"", ""country"": ""FR"", ""status"": ""FAILED"", ""amount"": 373.66, ""latency_ms"": 592.93, ""error"": ""NETWORK_ERROR""}",2026-04-16T05:06:22,,592.93,373.66,PayPal,BNPParibas,FR,FAILED,NETWORK_ERROR,request,azure_withdrawal_logs.txt,azure_withdrawal_csv,,True,1.0,CRITICAL
tx-0012,,POST /withdrawals/process,"{""psp"": ""Worldline"", ""bank"": ""DeutscheBank"", ""country"": ""IT"", ""status"": ""SUCCESS"", ""amount"": 134.22, ""latency_ms"": 552.65}",2026-04-16T05:06:24,,552.65,134.22,Worldline,DeutscheBank,IT,SUCCESS,,request,azure_withdrawal_logs.txt,azure_withdrawal_csv,,True,1.0,INFO
tx-0013,,POST /withdrawals/process,"{""psp"": ""PayPal"", ""bank"": ""Santander"", ""country"": ""ES"", ""status"": ""SUCCESS"", ""amount"": 207.12, ""latency_ms"": 507.99}",2026-04-16T05:06:26,,507.99,207.12,PayPal,Santander,ES,SUCCESS,,request,azure_withdrawal_logs.txt,azure_withdrawal_csv,,True,1.0,INFO
tx-0014,,POST /withdrawals/process,"{""psp"": ""Stripe"", ""bank"": ""BNPParibas"", ""country"": ""UK"", ""status"": ""SUCCESS"", ""amount"": 254.89, ""latency_ms"": 642.92}",2026-04-16T05:06:28,,642.92,254.89,Stripe,BNPParibas,UK,SUCCESS,,request,azure_withdrawal_logs.txt,azure_withdrawal_csv,,True,1.0,INFO
tx-0015,,POST /withdrawals/process,"{""psp"": ""Nuvei"", ""bank"": ""Barclays"", ""country"": ""IT"", ""status"": ""SUCCESS"", ""amount"": 408.08, ""latency_ms"": 421.41}",2026-04-16T05:06:30,,421.41,408.08,Nuvei,Barclays,IT,SUCCESS,,request,azure_withdrawal_logs.txt,azure_withdrawal_csv,,True,1.0,INFO
tx-0016,,POST /withdrawals/process,"{""psp"": ""Adyen"", ""bank"": ""DeutscheBank"", ""country"": ""FR"", ""status"": ""FAILED"", ""amount"": 103.31, ""latency_ms"": 854.36, ""error"": ""NETWORK_ERROR""}",2026-04-16T05:06:32,,854.36,103.31,Adyen,DeutscheBank,FR,FAILED,NETWORK_ERROR,request,azure_withdrawal_logs.txt,azure_withdrawal_csv,,True,1.0,CRITICAL
tx-0017,,POST /withdrawals/process,"{""psp"": ""Stripe"", ""bank"": ""ING"", ""country"": ""FR"", ""status"": ""SUCCESS"", ""amount"": 172.32, ""latency_ms"": 704.63}",2026-04-16T05:06:34,,704.63,172.32,Stripe,ING,FR,SUCCESS,,request,azure_withdrawal_logs.txt,azure_withdrawal_csv,,True,1.0,INFO
tx-0018,,POST /withdrawals/process,"{""psp"": ""Checkout"", ""bank"": ""UniCredit"", ""country"": ""UK"", ""status"": ""SUCCESS"", ""amount"": 455.15, ""latency_ms"": 902.87}",2026-04-16T05:06:36,,902.87,455.15,Checkout,UniCredit,UK,SUCCESS,,request,azure_withdrawal_logs.txt,azure_withdrawal_csv,,True,1.0,INFO
tx-0019,,POST /withdrawals/process,"{""psp"": ""Checkout"", ""bank"": ""Santander"", ""country"": ""ES"", ""status"": ""FAILED"", ""amount"": 121.65, ""latency_ms"": 294.72, ""error"": ""TIMEOUT""}",2026-04-16T05:06:38,,294.72,121.65,Checkout,Santander,ES,FAILED,TIMEOUT,request,azure_withdrawal_logs.txt,azure_withdrawal_csv,,True,1.0,HIGH
tx-0020,,POST /withdrawals/process,"{""psp"": ""PayPal"", ""bank"": ""UniCredit"", ""country"": ""UK"", ""status"": ""FAILED"", ""amount"": 407.47, ""latency_ms"": 211.03, ""error"": ""NETWORK_ERROR""}",2026-04-16T05:06:40,,211.03,407.47,PayPal,UniCredit,UK,FAILED,NETWORK_ERROR,request,azure_withdrawal_logs.txt,azure_withdrawal_csv,,True,1.0,CRITICAL
tx-0021,,POST /withdrawals/process,"{""psp"": ""Checkout"", ""bank"": ""Santander"", ""country"": ""FR"", ""status"": ""FAILED"", ""amount"": 370.77, ""latency_ms"": 739.4, ""error"": ""DECLINED""}",2026-04-16T05:06:42,,739.4,370.77,Checkout,Santander,FR,DECLINED,DECLINED,request,azure_withdrawal_logs.txt,azure_withdrawal_csv,,True,1.0,MEDIUM
tx-0022,,POST /withdrawals/process,"{""psp"": ""Nuvei"", ""bank"": ""Santander"", ""country"": ""UK"", ""status"": ""SUCCESS"", ""amount"": 52.98, ""latency_ms"": 384.02}",2026-04-16T05:06:44,,384.02,52.98,Nuvei,Santander,UK,SUCCESS,,request,azure_withdrawal_logs.txt,azure_withdrawal_csv,,True,1.0,INFO
tx-0023,,POST /withdrawals/process,"{""psp"": ""PayPal"", ""bank"": ""UniCredit"", ""country"": ""NL"", ""status"": ""SUCCESS"", ""amount"": 146.03, ""latency_ms"": 851.99}",2026-04-16T05:06:46,,851.99,146.03,PayPal,UniCredit,NL,SUCCESS,,request,azure_withdrawal_logs.txt,azure_withdrawal_csv,,True,1.0,INFO
tx-0024,,POST /withdrawals/process,"{""psp"": ""Nuvei"", ""bank"": ""Barclays"", ""country"": ""DE"", ""status"": ""SUCCESS"", ""amount"": 101.23, ""latency_ms"": 635.13}",2026-04-16T05:06:48,,635.13,101.23,Nuvei,Barclays,DE,SUCCESS,,request,azure_withdrawal_logs.txt,azure_withdrawal_csv,,True,1.0,INFO
tx-0025,,POST /withdrawals/process,"{""psp"": ""Nuvei"", ""bank"": ""Santander"", ""country"": ""ES"", ""status"": ""SUCCESS"", ""amount"": 210.55, ""latency_ms"": 607.59}",2026-04-16T05:06:50,,607.59,210.55,Nuvei,Santander,ES,SUCCESS,,request,azure_withdrawal_logs.txt,azure_withdrawal_csv,,True,1.0,INFO
tx-0026,,POST /withdrawals/process,"{""psp"": ""Checkout"", ""bank"": ""DeutscheBank"", ""country"": ""FR"", ""status"": ""SUCCESS"", ""amount"": 210.29, ""latency_ms"": 522.68}",2026-04-16T05:06:52,,522.68,210.29,Checkout,DeutscheBank,FR,SUCCESS,,request,azure_withdrawal_logs.txt,azure_withdrawal_csv,,True,1.0,INFO
tx-0027,,POST /withdrawals/process,"{""psp"": ""PayPal"", ""bank"": ""Barclays"", ""country"": ""NL"", ""status"": ""SUCCESS"", ""amount"": 20.57, ""latency_ms"": 851.15}",2026-04-16T05:06:54,,851.15,20.57,PayPal,Barclays,NL,SUCCESS,,request,azure_withdrawal_logs.txt,azure_withdrawal_csv,,True,1.0,INFO
tx-0028,,POST /withdrawals/process,"{""psp"": ""PayPal"", ""bank"": ""BNPParibas"", ""country"": ""UK"", ""status"": ""SUCCESS"", ""amount"": 301.9, ""latency_ms"": 781.52}",2026-04-16T05:06:56,,781.52,301.9,PayPal,BNPParibas,UK,SUCCESS,,request,azure_withdrawal_logs.txt,azure_withdrawal_csv,,True,1.0,INFO
tx-0029,,POST /withdrawals/process,"{""psp"": ""PayPal"", ""bank"": ""BNPParibas"", ""country"": ""IT"", ""status"": ""FAILED"", ""amount"": 487.49, ""latency_ms"": 847.71, ""error"": ""DECLINED""}",2026-04-16T05:06:58,,847.71,487.49,PayPal,BNPParibas,IT,DECLINED,DECLINED,request,azure_withdrawal_logs.txt,azure_withdrawal_csv,,True,1.0,MEDIUM
tx-0030,,POST /withdrawals/process,"{""psp"": ""Worldline"", ""bank"": ""ING"", ""country"": ""DE"", ""status"": ""SUCCESS"", ""amount"": 350.54, ""latency_ms"": 776.0}",2026-04-16T05:07:00,,776.0,350.54,Worldline,ING,DE,SUCCESS,,request,azure_withdrawal_logs.txt,azure_withdrawal_csv,,True,1.0,INFO
tx-0031,,POST /withdrawals/process,"{""psp"": ""Checkout"", ""bank"": ""Santander"", ""country"": ""FR"", ""status"": ""SUCCESS"", ""amount"": 219.97, ""latency_ms"": 276.37}",2026-04-16T05:07:02,,276.37,219.97,Checkout,Santander,FR,SUCCESS,,request,azure_withdrawal_logs.txt,azure_withdrawal_csv,,True,1.0,INFO
tx-0032,,POST /withdrawals/process,"{""psp"": ""Checkout"", ""bank"": ""DeutscheBank"", ""country"": ""DE"", ""status"": ""SUCCESS"", ""amount"": 441.14, ""latency_ms"": 377.63}",2026-04-16T05:07:04,,377.63,441.14,Checkout,DeutscheBank,DE,SUCCESS,,request,azure_withdrawal_logs.txt,azure_withdrawal_csv,,True,1.0,INFO
tx-0033,,POST /withdrawals/process,"{""psp"": ""Stripe"", ""bank"": ""UniCredit"", ""country"": ""ES"", ""status"": ""FAILED"", ""amount"": 118.65, ""latency_ms"": 815.92, ""error"": ""INSUFFICIENT_FUNDS""}",2026-04-16T05:07:06,,815.92,118.65,Stripe,UniCredit,ES,FAILED,INSUFFICIENT_FUNDS,request,azure_withdrawal_logs.txt,azure_withdrawal_csv,,True,1.0,LOW
tx-0034,,POST /withdrawals/process,"{""psp"": ""Nuvei"", ""bank"": ""ING"", ""country"": ""FR"", ""status"": ""SUCCESS"", ""amount"": 34.23, ""latency_ms"": 621.93}",2026-04-16T05:07:08,,621.93,34.23,Nuvei,ING,FR,SUCCESS,,request,azure_withdrawal_logs.txt,azure_withdrawal_csv,,True,1.0,INFO
tx-0035,,POST /withdrawals/process,"{""psp"": ""Adyen"", ""bank"": ""ING"", ""country"": ""UK"", ""status"": ""SUCCESS"", ""amount"": 135.91, ""latency_ms"": 872.22}",2026-04-16T05:07:10,,872.22,135.91,Adyen,ING,UK,SUCCESS,,request,azure_withdrawal_logs.txt,azure_withdrawal_csv,,True,1.0,INFO
tx-0036,,POST /withdrawals/process,"{""psp"": ""Worldline"", ""bank"": ""Barclays"", ""country"": ""DE"", ""status"": ""SUCCESS"", ""amount"": 258.59, ""latency_ms"": 701.02}",2026-04-16T05:07:12,,701.02,258.59,Worldline,Barclays,DE,SUCCESS,,request,azure_withdrawal_logs.txt,azure_withdrawal_csv,,True,1.0,INFO
tx-0037,,POST /withdrawals/process,"{""psp"": ""Nuvei"", ""bank"": ""ING"", ""country"": ""UK"", ""status"": ""FAILED"", ""amount"": 436.59, ""latency_ms"": 331.09, ""error"": ""INSUFFICIENT_FUNDS""}",2026-04-16T05:07:14,,331.09,436.59,Nuvei,ING,UK,FAILED,INSUFFICIENT_FUNDS,request,azure_withdrawal_logs.txt,azure_withdrawal_csv,,True,1.0,LOW
tx-0038,,POST /withdrawals/process,"{""psp"": ""Nuvei"", ""bank"": ""Santander"", ""country"": ""ES"", ""status"": ""FAILED"", ""amount"": 243.35, ""latency_ms"": 654.05, ""error"": ""INSUFFICIENT_FUNDS""}",2026-04-16T05:07:16,,654.05,243.35,Nuvei,Santander,ES,FAILED,INSUFFICIENT_FUNDS,request,azure_withdrawal_logs.txt,azure_withdrawal_csv,,True,1.0,LOW
tx-0039,,POST /withdrawals/process,"{""psp"": ""Worldline"", ""bank"": ""DeutscheBank"", ""country"": ""ES"", ""status"": ""SUCCESS"", ""amount"": 215.92, ""latency_ms"": 599.07}",2026-04-16T05:07:18,,599.07,215.92,Worldline,DeutscheBank,ES,SUCCESS,,request,azure_withdrawal_logs.txt,azure_withdrawal_csv,,True,1.0,INFO
tx-0040,,POST /withdrawals/process,"{""psp"": ""Adyen"", ""bank"": ""Barclays"", ""country"": ""DE"", ""status"": ""FAILED"", ""amount"": 149.83, ""latency_ms"": 275.4, ""error"": ""NETWORK_ERROR""}",2026-04-16T05:07:20,,275.4,149.83,Adyen,Barclays,DE,FAILED,NETWORK_ERROR,request,azure_withdrawal_logs.txt,azure_withdrawal_csv,,True,1.0,CRITICAL
tx-0041,,POST /withdrawals/process,"{""psp"": ""PayPal"", ""bank"": ""Santander"", ""country"": ""ES"", ""status"": ""SUCCESS"", ""amount"": 159.91, ""latency_ms"": 571.85}",2026-04-16T05:07:22,,571.85,159.91,PayPal,Santander,ES,SUCCESS,,request,azure_withdrawal_logs.txt,azure_withdrawal_csv,,True,1.0,INFO
tx-0042,,POST /withdrawals/process,"{""psp"": ""PayPal"", ""bank"": ""UniCredit"", ""country"": ""NL"", ""status"": ""SUCCESS"", ""amount"": 276.34, ""latency_ms"": 319.29}",2026-04-16T05:07:24,,319.29,276.34,PayPal,UniCredit,NL,SUCCESS,,request,azure_withdrawal_logs.txt,azure_withdrawal_csv,,True,1.0,INFO
tx-0043,,POST /withdrawals/process,"{""psp"": ""Checkout"", ""bank"": ""Barclays"", ""country"": ""DE"", ""status"": ""SUCCESS"", ""amount"": 283.49, ""latency_ms"": 570.73}",2026-04-16T05:07:26,,570.73,283.49,Checkout,Barclays,DE,SUCCESS,,request,azure_withdrawal_logs.txt,azure_withdrawal_csv,,True,1.0,INFO
tx-0044,,POST /withdrawals/process,"{""psp"": ""Adyen"", ""bank"": ""Santander"", ""country"": ""ES"", ""status"": ""FAILED"", ""amount"": 489.41, ""latency_ms"": 611.94, ""error"": ""DECLINED""}",2026-04-16T05:07:28,,611.94,489.41,Adyen,Santander,ES,DECLINED,DECLINED,request,azure_withdrawal_logs.txt,azure_withdrawal_csv,,True,1.0,MEDIUM
tx-0045,,POST /withdrawals/process,"{""psp"": ""Adyen"", ""bank"": ""Barclays"", ""country"": ""NL"", ""status"": ""FAILED"", ""amount"": 57.3, ""latency_ms"": 288.96, ""error"": ""INSUFFICIENT_FUNDS""}",2026-04-16T05:07:30,,288.96,57.3,Adyen,Barclays,NL,FAILED,INSUFFICIENT_FUNDS,request,azure_withdrawal_logs.txt,azure_withdrawal_csv,,True,1.0,LOW
tx-0046,,POST /withdrawals/process,"{""psp"": ""PayPal"", ""bank"": ""UniCredit"", ""country"": ""IT"", ""status"": ""FAILED"", ""amount"": 345.74, ""latency_ms"": 581.0, ""error"": ""INSUFFICIENT_FUNDS""}",2026-04-16T05:07:32,,581.0,345.74,PayPal,UniCredit,IT,FAILED,INSUFFICIENT_FUNDS,request,azure_withdrawal_logs.txt,azure_withdrawal_csv,,True,1.0,LOW
tx-0047,,POST /withdrawals/process,"{""psp"": ""Adyen"", ""bank"": ""BNPParibas"", ""country"": ""UK"", ""status"": ""FAILED"", ""amount"": 77.22, ""latency_ms"": 849.67, ""error"": ""DECLINED""}",2026-04-16T05:07:34,,849.67,77.22,Adyen,BNPParibas,UK,DECLINED,DECLINED,request,azure_withdrawal_logs.txt,azure_withdrawal_csv,,True,1.0,MEDIUM
tx-0048,,POST /withdrawals/process,"{""psp"": ""Adyen"", ""bank"": ""Santander"", ""country"": ""DE"", ""status"": ""SUCCESS"", ""amount"": 236.03, ""latency_ms"": 427.59}",2026-04-16T05:07:36,,427.59,236.03,Adyen,Santander,DE,SUCCESS,,request,azure_withdrawal_logs.txt,azure_withdrawal_csv,,True,1.0,INFO
tx-0049,,POST /withdrawals/process,"{""psp"": ""Nuvei"", ""bank"": ""Santander"", ""country"": ""IT"", ""status"": ""FAILED"", ""amount"": 20.86, ""latency_ms"": 921.77, ""error"": ""DECLINED""}",2026-04-16T05:07:38,,921.77,20.86,Nuvei,Santander,IT,DECLINED,DECLINED,request,azure_withdrawal_logs.txt,azure_withdrawal_csv,,True,1.0,MEDIUM
tx-0050,,POST /withdrawals/process,"{""psp"": ""Adyen"", ""bank"": ""Santander"", ""country"": ""FR"", ""status"": ""FAILED"", ""amount"": 12.03, ""latency_ms"": 880.02, ""error"": ""NETWORK_ERROR""}",2026-04-16T05:07:40,,880.02,12.03,Adyen,Santander,FR,FAILED,NETWORK_ERROR,request,azure_withdrawal_logs.txt,azure_withdrawal_csv,,True,1.0,CRITICAL
tx-0051,,POST /withdrawals/process,"{""psp"": ""Stripe"", ""bank"": ""DeutscheBank"", ""country"": ""UK"", ""status"": ""FAILED"", ""amount"": 38.11, ""latency_ms"": 202.24, ""error"": ""INSUFFICIENT_FUNDS""}",2026-04-16T05:07:42,,202.24,38.11,Stripe,DeutscheBank,UK,FAILED,INSUFFICIENT_FUNDS,request,azure_withdrawal_logs.txt,azure_withdrawal_csv,,True,1.0,LOW
tx-0052,,POST /withdrawals/process,"{""psp"": ""Checkout"", ""bank"": ""ING"", ""country"": ""DE"", ""status"": ""SUCCESS"", ""amount"": 432.58, ""latency_ms"": 587.4}",2026-04-16T05:07:44,,587.4,432.58,Checkout,ING,DE,SUCCESS,,request,azure_withdrawal_logs.txt,azure_withdrawal_csv,,True,1.0,INFO
tx-0053,,POST /withdrawals/process,"{""psp"": ""Stripe"", ""bank"": ""BNPParibas"", ""country"": ""IT"", ""status"": ""SUCCESS"", ""amount"": 296.7, ""latency_ms"": 226.77}",2026-04-16T05:07:46,,226.77,296.7,Stripe,BNPParibas,IT,SUCCESS,,request,azure_withdrawal_logs.txt,azure_withdrawal_csv,,True,1.0,INFO
tx-0054,,POST /withdrawals/process,"{""psp"": ""Worldline"", ""bank"": ""DeutscheBank"", ""country"": ""UK"", ""status"": ""SUCCESS"", ""amount"": 92.17, ""latency_ms"": 790.96}",2026-04-16T05:07:48,,790.96,92.17,Worldline,DeutscheBank,UK,SUCCESS,,request,azure_withdrawal_logs.txt,azure_withdrawal_csv,,True,1.0,INFO
tx-0055,,POST /withdrawals/process,"{""psp"": ""Stripe"", ""bank"": ""Santander"", ""country"": ""NL"", ""status"": ""SUCCESS"", ""amount"": 427.64, ""latency_ms"": 388.23}",2026-04-16T05:07:50,,388.23,427.64,Stripe,Santander,NL,SUCCESS,,request,azure_withdrawal_logs.txt,azure_withdrawal_csv,,True,1.0,INFO
tx-0056,,POST /withdrawals/process,"{""psp"": ""Checkout"", ""bank"": ""Santander"", ""country"": ""FR"", ""status"": ""SUCCESS"", ""amount"": 272.35, ""latency_ms"": 832.8}",2026-04-16T05:07:52,,832.8,272.35,Checkout,Santander,FR,SUCCESS,,request,azure_withdrawal_logs.txt,azure_withdrawal_csv,,True,1.0,INFO
tx-0057,,POST /withdrawals/process,"{""psp"": ""PayPal"", ""bank"": ""BNPParibas"", ""country"": ""IT"", ""status"": ""FAILED"", ""amount"": 304.12, ""latency_ms"": 462.53, ""error"": ""TIMEOUT""}",2026-04-16T05:07:54,,462.53,304.12,PayPal,BNPParibas,IT,FAILED,TIMEOUT,request,azure_withdrawal_logs.txt,azure_withdrawal_csv,,True,1.0,HIGH
tx-0058,,POST /withdrawals/process,"{""psp"": ""Nuvei"", ""bank"": ""ING"", ""country"": ""ES"", ""status"": ""SUCCESS"", ""amount"": 179.17, ""latency_ms"": 442.74}",2026-04-16T05:07:56,,442.74,179.17,Nuvei,ING,ES,SUCCESS,,request,azure_withdrawal_logs.txt,azure_withdrawal_csv,,True,1.0,INFO
tx-0059,,POST /withdrawals/process,"{""psp"": ""Worldline"", ""bank"": ""Barclays"", ""country"": ""IT"", ""status"": ""SUCCESS"", ""amount"": 354.67, ""latency_ms"": 364.76}",2026-04-16T05:07:58,,364.76,354.67,Worldline,Barclays,IT,SUCCESS,,request,azure_withdrawal_logs.txt,azure_withdrawal_csv,,True,1.0,INFO
tx-0060,,POST /withdrawals/process,"{""psp"": ""Adyen"", ""bank"": ""DeutscheBank"", ""country"": ""NL"", ""status"": ""SUCCESS"", ""amount"": 461.72, ""latency_ms"": 753.1}",2026-04-16T05:08:00,,753.1,461.72,Adyen,DeutscheBank,NL,SUCCESS,,request,azure_withdrawal_logs.txt,azure_withdrawal_csv,,True,1.0,INFO
tx-0061,,POST /withdrawals/process,"{""psp"": ""Nuvei"", ""bank"": ""ING"", ""country"": ""FR"", ""status"": ""SUCCESS"", ""amount"": 143.21, ""latency_ms"": 696.34}",2026-04-16T05:08:02,,696.34,143.21,Nuvei,ING,FR,SUCCESS,,request,azure_withdrawal_logs.txt,azure_withdrawal_csv,,True,1.0,INFO
tx-0062,,POST /withdrawals/process,"{""psp"": ""Checkout"", ""bank"": ""Barclays"", ""country"": ""UK"", ""status"": ""SUCCESS"", ""amount"": 309.77, ""latency_ms"": 422.45}",2026-04-16T05:08:04,,422.45,309.77,Checkout,Barclays,UK,SUCCESS,,request,azure_withdrawal_logs.txt,azure_withdrawal_csv,,True,1.0,INFO
tx-0063,,POST /withdrawals/process,"{""psp"": ""Adyen"", ""bank"": ""UniCredit"", ""country"": ""NL"", ""status"": ""SUCCESS"", ""amount"": 190.42, ""latency_ms"": 907.31}",2026-04-16T05:08:06,,907.31,190.42,Adyen,UniCredit,NL,SUCCESS,,request,azure_withdrawal_logs.txt,azure_withdrawal_csv,,True,1.0,INFO
tx-0064,,POST /withdrawals/process,"{""psp"": ""Nuvei"", ""bank"": ""ING"", ""country"": ""UK"", ""status"": ""FAILED"", ""amount"": 457.16, ""latency_ms"": 282.61, ""error"": ""INSUFFICIENT_FUNDS""}",2026-04-16T05:08:08,,282.61,457.16,Nuvei,ING,UK,FAILED,INSUFFICIENT_FUNDS,request,azure_withdrawal_logs.txt,azure_withdrawal_csv,,True,1.0,LOW
tx-0065,,POST /withdrawals/process,"{""psp"": ""Nuvei"", ""bank"": ""Barclays"", ""country"": ""NL"", ""status"": ""SUCCESS"", ""amount"": 94.43, ""latency_ms"": 368.09}",2026-04-16T05:08:10,,368.09,94.43,Nuvei,Barclays,NL,SUCCESS,,request,azure_withdrawal_logs.txt,azure_withdrawal_csv,,True,1.0,INFO
tx-0066,,POST /withdrawals/process,"{""psp"": ""PayPal"", ""bank"": ""ING"", ""country"": ""NL"", ""status"": ""FAILED"", ""amount"": 480.32, ""latency_ms"": 657.57, ""error"": ""TIMEOUT""}",2026-04-16T05:08:12,,657.57,480.32,PayPal,ING,NL,FAILED,TIMEOUT,request,azure_withdrawal_logs.txt,azure_withdrawal_csv,,True,1.0,HIGH
tx-0067,,POST /withdrawals/process,"{""psp"": ""Stripe"", ""bank"": ""ING"", ""country"": ""IT"", ""status"": ""SUCCESS"", ""amount"": 433.42, ""latency_ms"": 666.05}",2026-04-16T05:08:14,,666.05,433.42,Stripe,ING,IT,SUCCESS,,request,azure_withdrawal_logs.txt,azure_withdrawal_csv,,True,1.0,INFO
tx-0068,,POST /withdrawals/process,"{""psp"": ""Checkout"", ""bank"": ""Barclays"", ""country"": ""UK"", ""status"": ""FAILED"", ""amount"": 184.48, ""latency_ms"": 356.78, ""error"": ""INSUFFICIENT_FUNDS""}",2026-04-16T05:08:16,,356.78,184.48,Checkout,Barclays,UK,FAILED,INSUFFICIENT_FUNDS,request,azure_withdrawal_logs.txt,azure_withdrawal_csv,,True,1.0,LOW
tx-0069,,POST /withdrawals/process,"{""psp"": ""Checkout"", ""bank"": ""BNPParibas"", ""country"": ""ES"", ""status"": ""FAILED"", ""amount"": 123.76, ""latency_ms"": 557.79, ""error"": ""NETWORK_ERROR""}",2026-04-16T05:08:18,,557.79,123.76,Checkout,BNPParibas,ES,FAILED,NETWORK_ERROR,request,azure_withdrawal_logs.txt,azure_withdrawal_csv,,True,1.0,CRITICAL
tx-0070,,POST /withdrawals/process,"{""psp"": ""Stripe"", ""bank"": ""DeutscheBank"", ""country"": ""NL"", ""status"": ""SUCCESS"", ""amount"": 421.27, ""latency_ms"": 354.31}",2026-04-16T05:08:20,,354.31,421.27,Stripe,DeutscheBank,NL,SUCCESS,,request,azure_withdrawal_logs.txt,azure_withdrawal_csv,,True,1.0,INFO
tx-0071,,POST /withdrawals/process,"{""psp"": ""Checkout"", ""bank"": ""DeutscheBank"", ""country"": ""ES"", ""status"": ""FAILED"", ""amount"": 212.22, ""latency_ms"": 202.04, ""error"": ""NETWORK_ERROR""}",2026-04-16T05:08:22,,202.04,212.22,Checkout,DeutscheBank,ES,FAILED,NETWORK_ERROR,request,azure_withdrawal_logs.txt,azure_withdrawal_csv,,True,1.0,CRITICAL
tx-0072,,POST /withdrawals/process,"{""psp"": ""Stripe"", ""bank"": ""BNPParibas"", ""country"": ""FR"", ""status"": ""SUCCESS"", ""amount"": 454.9, ""latency_ms"": 691.68}",2026-04-16T05:08:24,,691.68,454.9,Stripe,BNPParibas,FR,SUCCESS,,request,azure_withdrawal_logs.txt,azure_withdrawal_csv,,True,1.0,INFO
tx-0073,,POST /withdrawals/process,"{""psp"": ""PayPal"", ""bank"": ""DeutscheBank"", ""country"": ""IT"", ""status"": ""SUCCESS"", ""amount"": 318.11, ""latency_ms"": 874.81}",2026-04-16T05:08:26,,874.81,318.11,PayPal,DeutscheBank,IT,SUCCESS,,request,azure_withdrawal_logs.txt,azure_withdrawal_csv,,True,1.0,INFO
tx-0074,,POST /withdrawals/process,"{""psp"": ""Worldline"", ""bank"": ""Santander"", ""country"": ""ES"", ""status"": ""SUCCESS"", ""amount"": 347.36, ""latency_ms"": 936.68}",2026-04-16T05:08:28,,936.68,347.36,Worldline,Santander,ES,SUCCESS,,request,azure_withdrawal_logs.txt,azure_withdrawal_csv,,True,1.0,INFO
tx-0075,,POST /withdrawals/process,"{""psp"": ""Checkout"", ""bank"": ""Barclays"", ""country"": ""UK"", ""status"": ""SUCCESS"", ""amount"": 405.28, ""latency_ms"": 344.75}",2026-04-16T05:08:30,,344.75,405.28,Checkout,Barclays,UK,SUCCESS,,request,azure_withdrawal_logs.txt,azure_withdrawal_csv,,True,1.0,INFO
tx-0076,,POST /withdrawals/process,"{""psp"": ""Adyen"", ""bank"": ""DeutscheBank"", ""country"": ""DE"", ""status"": ""SUCCESS"", ""amount"": 40.29, ""latency_ms"": 820.88}",2026-04-16T05:08:32,,820.88,40.29,Adyen,DeutscheBank,DE,SUCCESS,,request,azure_withdrawal_logs.txt,azure_withdrawal_csv,,True,1.0,INFO
tx-0077,,POST /withdrawals/process,"{""psp"": ""Adyen"", ""bank"": ""BNPParibas"", ""country"": ""ES"", ""status"": ""SUCCESS"", ""amount"": 199.01, ""latency_ms"": 422.97}",2026-04-16T05:08:34,,422.97,199.01,Adyen,BNPParibas,ES,SUCCESS,,request,azure_withdrawal_logs.txt,azure_withdrawal_csv,,True,1.0,INFO
tx-0078,,POST /withdrawals/process,"{""psp"": ""Worldline"", ""bank"": ""Barclays"", ""country"": ""DE"", ""status"": ""FAILED"", ""amount"": 238.58, ""latency_ms"": 827.31, ""error"": ""TIMEOUT""}",2026-04-16T05:08:36,,827.31,238.58,Worldline,Barclays,DE,FAILED,TIMEOUT,request,azure_withdrawal_logs.txt,azure_withdrawal_csv,,True,1.0,HIGH
tx-0079,,POST /withdrawals/process,"{""psp"": ""Adyen"", ""bank"": ""Santander"", ""country"": ""DE"", ""status"": ""SUCCESS"", ""amount"": 499.39, ""latency_ms"": 296.05}",2026-04-16T05:08:38,,296.05,499.39,Adyen,Santander,DE,SUCCESS,,request,azure_withdrawal_logs.txt,azure_withdrawal_csv,,True,1.0,INFO
tx-0080,,POST /withdrawals/process,"{""psp"": ""Adyen"", ""bank"": ""Barclays"", ""country"": ""FR"", ""status"": ""SUCCESS"", ""amount"": 107.18, ""latency_ms"": 901.27}",2026-04-16T05:08:40,,901.27,107.18,Adyen,Barclays,FR,SUCCESS,,request,azure_withdrawal_logs.txt,azure_withdrawal_csv,,True,1.0,INFO
tx-0081,,POST /withdrawals/process,"{""psp"": ""Worldline"", ""bank"": ""Barclays"", ""country"": ""NL"", ""status"": ""SUCCESS"", ""amount"": 72.14, ""latency_ms"": 745.92}",2026-04-16T05:08:42,,745.92,72.14,Worldline,Barclays,NL,SUCCESS,,request,azure_withdrawal_logs.txt,azure_withdrawal_csv,,True,1.0,INFO
tx-0082,,POST /withdrawals/process,"{""psp"": ""Nuvei"", ""bank"": ""BNPParibas"", ""country"": ""UK"", ""status"": ""FAILED"", ""amount"": 91.23, ""latency_ms"": 326.22, ""error"": ""TIMEOUT""}",2026-04-16T05:08:44,,326.22,91.23,Nuvei,BNPParibas,UK,FAILED,TIMEOUT,request,azure_withdrawal_logs.txt,azure_withdrawal_csv,,True,1.0,HIGH
tx-0083,,POST /withdrawals/process,"{""psp"": ""Worldline"", ""bank"": ""UniCredit"", ""country"": ""UK"", ""status"": ""FAILED"", ""amount"": 132.23, ""latency_ms"": 853.1, ""error"": ""DECLINED""}",2026-04-16T05:08:46,,853.1,132.23,Worldline,UniCredit,UK,DECLINED,DECLINED,request,azure_withdrawal_logs.txt,azure_withdrawal_csv,,True,1.0,MEDIUM
tx-0084,,POST /withdrawals/process,"{""psp"": ""Checkout"", ""bank"": ""BNPParibas"", ""country"": ""NL"", ""status"": ""SUCCESS"", ""amount"": 455.21, ""latency_ms"": 233.63}",2026-04-16T05:08:48,,233.63,455.21,Checkout,BNPParibas,NL,SUCCESS,,request,azure_withdrawal_logs.txt,azure_withdrawal_csv,,True,1.0,INFO
tx-0085,,POST /withdrawals/process,"{""psp"": ""PayPal"", ""bank"": ""Santander"", ""country"": ""ES"", ""status"": ""FAILED"", ""amount"": 309.54, ""latency_ms"": 805.94, ""error"": ""DECLINED""}",2026-04-16T05:08:50,,805.94,309.54,PayPal,Santander,ES,DECLINED,DECLINED,request,azure_withdrawal_logs.txt,azure_withdrawal_csv,,True,1.0,MEDIUM
tx-0086,,POST /withdrawals/process,"{""psp"": ""Checkout"", ""bank"": ""ING"", ""country"": ""DE"", ""status"": ""FAILED"", ""amount"": 231.6, ""latency_ms"": 206.19, ""error"": ""INSUFFICIENT_FUNDS""}",2026-04-16T05:08:52,,206.19,231.6,Checkout,ING,DE,FAILED,INSUFFICIENT_FUNDS,request,azure_withdrawal_logs.txt,azure_withdrawal_csv,,True,1.0,LOW
tx-0087,,POST /withdrawals/process,"{""psp"": ""Nuvei"", ""bank"": ""Barclays"", ""country"": ""FR"", ""status"": ""SUCCESS"", ""amount"": 419.8, ""latency_ms"": 302.7}",2026-04-16T05:08:54,,302.7,419.8,Nuvei,Barclays,FR,SUCCESS,,request,azure_withdrawal_logs.txt,azure_withdrawal_csv,,True,1.0,INFO
tx-0088,,POST /withdrawals/process,"{""psp"": ""Stripe"", ""bank"": ""UniCredit"", ""country"": ""ES"", ""status"": ""SUCCESS"", ""amount"": 246.51, ""latency_ms"": 679.12}",2026-04-16T05:08:56,,679.12,246.51,Stripe,UniCredit,ES,SUCCESS,,request,azure_withdrawal_logs.txt,azure_withdrawal_csv,,True,1.0,INFO
tx-0089,,POST /withdrawals/process,"{""psp"": ""Stripe"", ""bank"": ""Barclays"", ""country"": ""ES"", ""status"": ""SUCCESS"", ""amount"": 162.29, ""latency_ms"": 393.57}",2026-04-16T05:08:58,,393.57,162.29,Stripe,Barclays,ES,SUCCESS,,request,azure_withdrawal_logs.txt,azure_withdrawal_csv,,True,1.0,INFO
tx-0090,,POST /withdrawals/process,"{""psp"": ""Stripe"", ""bank"": ""Barclays"", ""country"": ""FR"", ""status"": ""SUCCESS"", ""amount"": 368.13, ""latency_ms"": 618.83}",2026-04-16T05:09:00,,618.83,368.13,Stripe,Barclays,FR,SUCCESS,,request,azure_withdrawal_logs.txt,azure_withdrawal_csv,,True,1.0,INFO
tx-0091,,POST /withdrawals/process,"{""psp"": ""Stripe"", ""bank"": ""UniCredit"", ""country"": ""ES"", ""status"": ""FAILED"", ""amount"": 297.28, ""latency_ms"": 747.35, ""error"": ""DECLINED""}",2026-04-16T05:09:02,,747.35,297.28,Stripe,UniCredit,ES,DECLINED,DECLINED,request,azure_withdrawal_logs.txt,azure_withdrawal_csv,,True,1.0,MEDIUM
tx-0092,,POST /withdrawals/process,"{""psp"": ""Adyen"", ""bank"": ""Barclays"", ""country"": ""FR"", ""status"": ""SUCCESS"", ""amount"": 161.66, ""latency_ms"": 769.2}",2026-04-16T05:09:04,,769.2,161.66,Adyen,Barclays,FR,SUCCESS,,request,azure_withdrawal_logs.txt,azure_withdrawal_csv,,True,1.0,INFO
tx-0093,,POST /withdrawals/process,"{""psp"": ""Nuvei"", ""bank"": ""Barclays"", ""country"": ""ES"", ""status"": ""FAILED"", ""amount"": 204.45, ""latency_ms"": 942.06, ""error"": ""DECLINED""}",2026-04-16T05:09:06,,942.06,204.45,Nuvei,Barclays,ES,DECLINED,DECLINED,request,azure_withdrawal_logs.txt,azure_withdrawal_csv,,True,1.0,MEDIUM
tx-0094,,POST /withdrawals/process,"{""psp"": ""Checkout"", ""bank"": ""UniCredit"", ""country"": ""ES"", ""status"": ""SUCCESS"", ""amount"": 331.33, ""latency_ms"": 347.69}",2026-04-16T05:09:08,,347.69,331.33,Checkout,UniCredit,ES,SUCCESS,,request,azure_withdrawal_logs.txt,azure_withdrawal_csv,,True,1.0,INFO
tx-0095,,POST /withdrawals/process,"{""psp"": ""Stripe"", ""bank"": ""Barclays"", ""country"": ""NL"", ""status"": ""SUCCESS"", ""amount"": 173.26, ""latency_ms"": 256.03}",2026-04-16T05:09:10,,256.03,173.26,Stripe,Barclays,NL,SUCCESS,,request,azure_withdrawal_logs.txt,azure_withdrawal_csv,,True,1.0,INFO
tx-0096,,POST /withdrawals/process,"{""psp"": ""Checkout"", ""bank"": ""UniCredit"", ""country"": ""IT"", ""status"": ""FAILED"", ""amount"": 336.11, ""latency_ms"": 757.14, ""error"": ""DECLINED""}",2026-04-16T05:09:12,,757.14,336.11,Checkout,UniCredit,IT,DECLINED,DECLINED,request,azure_withdrawal_logs.txt,azure_withdrawal_csv,,True,1.0,MEDIUM
tx-0097,,POST /withdrawals/process,"{""psp"": ""Worldline"", ""bank"": ""Barclays"", ""country"": ""IT"", ""status"": ""FAILED"", ""amount"": 54.61, ""latency_ms"": 345.42, ""error"": ""DECLINED""}",2026-04-16T05:09:14,,345.42,54.61,Worldline,Barclays,IT,DECLINED,DECLINED,request,azure_withdrawal_logs.txt,azure_withdrawal_csv,,True,1.0,MEDIUM
tx-0098,,POST /withdrawals/process,"{""psp"": ""Worldline"", ""bank"": ""ING"", ""country"": ""IT"", ""status"": ""FAILED"", ""amount"": 407.3, ""latency_ms"": 386.28, ""error"": ""TIMEOUT""}",2026-04-16T05:09:16,,386.28,407.3,Worldline,ING,IT,FAILED,TIMEOUT,request,azure_withdrawal_logs.txt,azure_withdrawal_csv,,True,1.0,HIGH
tx-0099,,POST /withdrawals/process,"{""psp"": ""Adyen"", ""bank"": ""BNPParibas"", ""country"": ""IT"", ""status"": ""SUCCESS"", ""amount"": 218.5, ""latency_ms"": 686.21}",2026-04-16T05:09:18,,686.21,218.5,Adyen,BNPParibas,IT,SUCCESS,,request,azure_withdrawal_logs.txt,azure_withdrawal_csv,,True,1.0,INFO
tx-0100,,POST /withdrawals/process,"{""psp"": ""PayPal"", ""bank"": ""Santander"", ""country"": ""DE"", ""status"": ""SUCCESS"", ""amount"": 485.52, ""latency_ms"": 501.31}",2026-04-16T05:09:20,,501.31,485.52,PayPal,Santander,DE,SUCCESS,,request,azure_withdrawal_logs.txt,azure_withdrawal_csv,,True,1.0,INFO
line-1,,POST /withdrawals/process,,2026-04-16T13:20:05,,305.0,99.99,Stripe,UniCredit,IT,SUCCESS,,request,test.txt,freetext_numbered,,True,1.0,INFO
line-2,,POST /withdrawals/process,,2026-04-16T13:21:11,,640.0,120.0,Adyen,DeutscheBank,DE,FAILED,TIMEOUT,request,test.txt,freetext_numbered,,True,1.0,HIGH
line-3,,POST /withdrawals/process,,2026-04-16T13:22:45,,280.0,45.5,PayPal,BNPParibas,FR,SUCCESS,,request,test.txt,freetext_numbered,,True,1.0,INFO
line-4,,POST /withdrawals/process,,2026-04-16T13:23:10,,410.0,220.0,Worldline,Santander,ES,SUCCESS,,request,test.txt,freetext_numbered,,True,1.0,INFO
line-5,,POST /withdrawals/process,,2026-04-16T13:24:33,,780.0,75.0,Checkout,Barclays,UK,FAILED,NETWORK_ERROR,request,test.txt,freetext_numbered,,True,1.0,CRITICAL
line-6,,POST /withdrawals/process,,2026-04-16T13:25:12,,260.0,150.75,Nuvei,ING,NL,SUCCESS,,request,test.txt,freetext_numbered,,True,1.0,INFO
line-7,,POST /withdrawals/process,,2026-04-16T13:26:44,,900.0,60.0,Stripe,UniCredit,IT,FAILED,INSUFFICIENT_FUNDS,request,test.txt,freetext_numbered,,True,1.0,LOW
line-8,,POST /withdrawals/process,,2026-04-16T13:27:18,,340.0,310.2,Adyen,DeutscheBank,DE,SUCCESS,,request,test.txt,freetext_numbered,,True,1.0,INFO
line-9,,POST /withdrawals/process,,2026-04-16T13:28:02,,720.0,88.0,PayPal,Revolut,UK,DECLINED,DECLINED,request,test.txt,freetext_numbered,,True,1.0,MEDIUM
line-10,,POST /withdrawals/process,,2026-04-16T13:29:55,,390.0,130.0,Worldline,BNPParibas,FR,SUCCESS,,request,test.txt,freetext_numbered,,True,1.0,INFO
line-11,,POST /withdrawals/process,,2026-04-16T13:30:10,,310.0,210.0,Stripe,Santander,ES,SUCCESS,,request,test.txt,freetext_numbered,,True,1.0,INFO
line-12,,POST /withdrawals/process,,2026-04-16T13:31:44,,810.0,55.0,Adyen,ING,NL,FAILED,TIMEOUT,request,test.txt,freetext_numbered,,True,1.0,HIGH
line-13,,POST /withdrawals/process,,2026-04-16T13:32:21,,275.0,75.25,PayPal,Barclays,UK,SUCCESS,,request,test.txt,freetext_numbered,,True,1.0,INFO
line-14,,POST /withdrawals/process,,2026-04-16T13:33:09,,330.0,99.0,Checkout,UniCredit,IT,SUCCESS,,request,test.txt,freetext_numbered,,True,1.0,INFO
line-15,,POST /withdrawals/process,,2026-04-16T13:34:56,,690.0,180.0,Nuvei,DeutscheBank,DE,FAILED,NETWORK_ERROR,request,test.txt,freetext_numbered,,True,1.0,CRITICAL
line-16,,POST /withdrawals/process,,2026-04-16T13:35:40,,420.0,260.0,Worldline,BNPParibas,FR,SUCCESS,,request,test.txt,freetext_numbered,,True,1.0,INFO
line-17,,POST /withdrawals/process,,2026-04-16T13:36:15,,850.0,40.0,Stripe,Revolut,UK,DECLINED,DECLINED,request,test.txt,freetext_numbered,,True,1.0,MEDIUM
line-18,,POST /withdrawals/process,,2026-04-16T13:37:33,,360.0,500.0,Adyen,Santander,ES,SUCCESS,,request,test.txt,freetext_numbered,,True,1.0,INFO
line-19,,POST /withdrawals/process,,2026-04-16T13:38:11,,740.0,65.0,PayPal,ING,NL,FAILED,INSUFFICIENT_FUNDS,request,test.txt,freetext_numbered,,True,1.0,LOW
line-20,,POST /withdrawals/process,,2026-04-16T13:39:59,,295.0,110.0,Checkout,UniCredit,IT,SUCCESS,,request,test.txt,freetext_numbered,,True,1.0,INFO
line-21,,POST /withdrawals/process,,2026-04-16T13:40:22,,265.0,175.5,Nuvei,DeutscheBank,DE,SUCCESS,,request,test.txt,freetext_numbered,,True,1.0,INFO
line-22,,POST /withdrawals/process,,2026-04-16T13:41:48,,810.0,95.0,Worldline,Barclays,UK,FAILED,TIMEOUT,request,test.txt,freetext_numbered,,True,1.0,HIGH
line-23,,POST /withdrawals/process,,2026-04-16T13:42:30,,320.0,140.0,Stripe,BNPParibas,FR,SUCCESS,,request,test.txt,freetext_numbered,,True,1.0,INFO
line-24,,POST /withdrawals/process,,2026-04-16T13:43:17,,860.0,70.0,Adyen,ING,NL,FAILED,NETWORK_ERROR,request,test.txt,freetext_numbered,,True,1.0,CRITICAL
line-25,,POST /withdrawals/process,,2026-04-16T13:44:05,,290.0,60.0,PayPal,UniCredit,IT,SUCCESS,,request,test.txt,freetext_numbered,,True,1.0,INFO
line-26,,POST /withdrawals/process,,2026-04-16T13:45:41,,340.0,200.0,Checkout,Santander,ES,SUCCESS,,request,test.txt,freetext_numbered,,True,1.0,INFO
line-27,,POST /withdrawals/process,,2026-04-16T13:46:19,,770.0,85.0,Nuvei,Revolut,UK,DECLINED,DECLINED,request,test.txt,freetext_numbered,,True,1.0,MEDIUM
line-28,,POST /withdrawals/process,,2026-04-16T13:47:02,,410.0,330.0,Worldline,DeutscheBank,DE,SUCCESS,,request,test.txt,freetext_numbered,,True,1.0,INFO
line-29,,POST /withdrawals/process,,2026-04-16T13:48:44,,920.0,55.0,Stripe,ING,NL,FAILED,TIMEOUT,request,test.txt,freetext_numbered,,True,1.0,HIGH
line-30,,POST /withdrawals/process,,2026-04-16T13:49:33,,300.0,125.0,Adyen,BNPParibas,FR,SUCCESS,,request,test.txt,freetext_numbered,,True,1.0,INFO
line-31,,POST /withdrawals/process,,2026-04-16T13:50:10,,275.0,88.0,PayPal,Barclays,UK,SUCCESS,,request,test.txt,freetext_numbered,,True,1.0,INFO
line-32,,POST /withdrawals/process,,2026-04-16T13:51:55,,880.0,150.0,Checkout,UniCredit,IT,FAILED,NETWORK_ERROR,request,test.txt,freetext_numbered,,True,1.0,CRITICAL
line-33,,POST /withdrawals/process,,2026-04-16T13:52:20,,310.0,240.0,Nuvei,Santander,ES,SUCCESS,,request,test.txt,freetext_numbered,,True,1.0,INFO
line-34,,POST /withdrawals/process,,2026-04-16T13:53:47,,260.0,190.0,Worldline,ING,NL,SUCCESS,,request,test.txt,freetext_numbered,,True,1.0,INFO
line-35,,POST /withdrawals/process,,2026-04-16T13:54:11,,830.0,60.0,Stripe,DeutscheBank,DE,DECLINED,DECLINED,request,test.txt,freetext_numbered,,True,1.0,MEDIUM
line-36,,POST /withdrawals/process,,2026-04-16T13:55:39,,345.0,300.0,Adyen,BNPParibas,FR,SUCCESS,,request,test.txt,freetext_numbered,,True,1.0,INFO
line-37,,POST /withdrawals/process,,2026-04-16T13:56:28,,790.0,45.0,PayPal,Revolut,UK,FAILED,INSUFFICIENT_FUNDS,request,test.txt,freetext_numbered,,True,1.0,LOW
line-38,,POST /withdrawals/process,,2026-04-16T13:57:12,,315.0,210.0,Checkout,Santander,ES,SUCCESS,,request,test.txt,freetext_numbered,,True,1.0,INFO
line-39,,POST /withdrawals/process,,2026-04-16T13:58:44,,870.0,95.0,Nuvei,ING,NL,FAILED,TIMEOUT,request,test.txt,freetext_numbered,,True,1.0,HIGH
line-40,,POST /withdrawals/process,,2026-04-16T13:59:59,,290.0,170.0,Worldline,UniCredit,IT,SUCCESS,,request,test.txt,freetext_numbered,,True,1.0,INFO
line-41,,POST /withdrawals/process,,2026-04-16T14:00:11,,310.0,120.0,Stripe,BNPParibas,FR,SUCCESS,,request,test.txt,freetext_numbered,,True,1.0,INFO
line-42,,POST /withdrawals/process,,2026-04-16T14:01:42,,840.0,65.0,Adyen,Barclays,UK,FAILED,NETWORK_ERROR,request,test.txt,freetext_numbered,,True,1.0,CRITICAL
line-43,,POST /withdrawals/process,,2026-04-16T14:02:33,,280.0,95.0,PayPal,ING,NL,SUCCESS,,request,test.txt,freetext_numbered,,True,1.0,INFO
line-44,,POST /withdrawals/process,,2026-04-16T14:03:15,,330.0,260.0,Checkout,DeutscheBank,DE,SUCCESS,,request,test.txt,freetext_numbered,,True,1.0,INFO
line-45,,POST /withdrawals/process,,2026-04-16T14:04:58,,910.0,80.0,Nuvei,Revolut,UK,DECLINED,DECLINED,request,test.txt,freetext_numbered,,True,1.0,MEDIUM
line-46,,POST /withdrawals/process,,2026-04-16T14:05:20,,300.0,220.0,Worldline,Santander,ES,SUCCESS,,request,test.txt,freetext_numbered,,True,1.0,INFO
line-47,,POST /withdrawals/process,,2026-04-16T14:06:44,,860.0,50.0,Stripe,UniCredit,IT,FAILED,TIMEOUT,request,test.txt,freetext_numbered,,True,1.0,HIGH
line-48,,POST /withdrawals/process,,2026-04-16T14:07:31,,295.0,145.0,Adyen,BNPParibas,FR,SUCCESS,,request,test.txt,freetext_numbered,,True,1.0,INFO
line-49,,POST /withdrawals/process,,2026-04-16T14:08:12,,780.0,70.0,PayPal,Barclays,UK,FAILED,INSUFFICIENT_FUNDS,request,test.txt,freetext_numbered,,True,1.0,LOW
line-50,,POST /withdrawals/process,,2026-04-16T14:09:59,,340.0,199.0,Checkout,ING,NL,SUCCESS,,request,test.txt,freetext_numbered,,True,1.0,INFO
